"","start_station","n","start_lat","start_lng"
"1","101 Smith Place",662,42.3925166696667,-71.1506561930556
"2","1200 Beacon St",33459,42.3440529116915,-71.1150763606501
"3","135 Morrissey Blvd",25,42.315510714,-71.0483772484286
"4","160 Arsenal",3171,42.3646640344168,-71.1756938695908
"5","160 Arsenal St",3560,42.3646910931344,-71.1754891819314
"6","175 N Harvard St",102773,42.3645220286114,-71.1284309336639
"7","18 Dorrance Warehouse",2157,42.3871544986852,-71.0759844192963
"8","191 Beacon St",51195,42.380350459015,-71.1088831635612
"9","2 Hummingbird Lane at Olmsted Green",596,42.2889857976966,-71.0950315783146
"10","30 Dane St",71476,42.3809786266544,-71.104025416668
"11","30 Dane St.",1155,42.3810014303805,-71.1040252261319
"12","30 Dane St. (former)",170,42.381122846301,-71.1041002722413
"13","300 Summer St",6046,42.349750006046,-71.0489595954762
"14","325 Binney St.",20942,42.3671946378751,-71.0890346200123
"15","359 Broadway",212,42.3707982444444,-71.104425746
"16","359 Broadway - Broadway at Fayette Street",138792,42.3707697734997,-71.1043740588683
"17","39 Brighton Ave",2294,42.3530125162254,-71.1265570139155
"18","40 Thorndike St",15536,42.368976995709,-71.0800945123414
"19","515 Somerville Ave (Temp. Winter Location)",2112,42.3831537603451,-71.1058484053911
"20","55 Wheeler Street",13304,42.3907279938124,-71.1440316326481
"21","555 Metropolitan Ave",876,42.2679701573451,-71.1191729047606
"22","606 American Legion Hwy at Canterbury St",2644,42.2858620353192,-71.1095721095282
"23","615 Broadway",741,42.3946112446389,-71.030784564
"24","645 Summer St",13610,42.3415287938464,-71.0401652493849
"25","699 Mt Auburn St",34862,42.374996299277,-71.1486219851081
"26","699 Mt Auburn St (former)",286,42.3749765921572,-71.1486303063066
"27","7 Acre Park",10891,42.4108581709973,-71.0678394317058
"28","700 Commonwealth Ave.",69649,42.3496135211064,-71.1039427571272
"29","700 Huron Ave",12611,42.3806790100653,-71.1540775046614
"30","75 Binney St",58057,42.3653931882638,-71.080232136911
"31","780 Morrissey Blvd",1799,42.2953030884706,-71.0471576565784
"32","84 Cambridgepark Dr",12064,42.3935302077115,-71.1438267992615
"33","855 Broadway",2226,42.3984124516334,-71.0240114834432
"34","87-101 Cambridgepark Drive",8259,42.3953504720372,-71.144207401822
"35","8D OPS 01",3,0,0
"36","8D OPS 03",3,45.505086,-73.566921
"37","8D QC Station 01",8,28.2300221037355,-47.3977661132813
"38","8D QC Station 02",3,0,0
"39","955 Mass Ave",92149,42.3689610502689,-71.1100169389753
"40","99 Coolidge Ave",1686,42.3636751002061,-71.1517934239389
"41","Adams Branch Library",180,42.286011,-71.054689
"42","Adams St at Lonsdale St",3152,42.2921138624106,-71.0573945337462
"43","Adams St at Mallet St.",835,42.2909341213003,-71.0567906883495
"44","Addison St at Saratoga St",4907,42.3851405565002,-71.0150253259465
"45","Agganis Arena - 925 Comm Ave.",17778,42.351246,-71.115639
"46","Airport T Stop - Bremen St at Brooks St",22718,42.3754520184086,-71.0314422000128
"47","Albany St at E. Brookline St",37971,42.336690951603,-71.0689605219923
"48","Alewife MBTA at Steel Place",44609,42.3957408941288,-71.1427054774992
"49","Alewife Station at Russell Field",42737,42.396069360362,-71.1393252639509
"50","Allston Green District - Commonwealth Ave & Griggs St",10206,42.348607,-71.13401
"51","Allston Green District - Griggs St at Commonwealth Ave",18071,42.3490837838689,-71.1329917461044
"52","Allston Green District - Griggs St at Commonwealth Ave TEMPORARY WINTER LOCATION",1323,42.349224693383,-71.1327530257859
"53","Alpine Path at Concord Ave",643,42.3853032070148,-71.1377428949161
"54","American Legion Hwy at Canterbury St",469,42.278811581566,-71.1168770306267
"55","American Legion Hwy at Cummins Hwy",1638,42.2787409554787,-71.1168988594435
"56","American Legion Hwy at Hyde Park Ave",381,42.2726603601019,-71.1198122471581
"57","Ames St at Broadway",93793,42.3637456133455,-71.0875380886337
"58","Ames St at Main St",290337,42.3624215407675,-71.0882523655941
"59","Andrew Station - Dorchester Ave at Humboldt Pl",5143,42.330716,-71.057044
"60","Andrew T Stop - Dorchester Ave at Dexter St",30205,42.3306992273774,-71.0570409815536
"61","Aquarium Station - 200 Atlantic Ave.",22950,42.35977,-71.051601
"62","Aquarium T Stop - 200 Atlantic Ave",119372,42.3601955455447,-71.0509155319788
"63","Arch St at Franklin St",91485,42.3552479553734,-71.0581938207245
"64","Archdale Rd at Washington St",5321,42.2924506147328,-71.1207370366059
"65","Archdale Rd at Washington St (former)",87,42.292706,-71.121145
"66","Arsenal Yards",22486,42.3627755527367,-71.1577536602413
"67","Arsenal on the Charles",2780,42.3634776880297,-71.1642273755946
"68","Ashley St at Boardman",596,42.3891637613214,-71.01038144325
"69","Ashley St at Boardman St",6,42.389155,-71.010409
"70","Ashmont T Stop",7898,42.2855854304789,-71.0642758301632
"71","Assembly Square T",24075,42.392342492301,-71.0774643522728
"72","Atlantic Ave at Beach St",1449,42.3506868853087,-71.0565861160134
"73","Au Bon Pain Way at Fid Kennedy Ave",1450,42.3461848042781,-71.0292085830059
"74","Auburn St. at Mystic River",2588,42.4175837641831,-71.1260496072358
"75","Auburndale",1477,42.3480562947531,-71.2476665620558
"76","B.U. Central - 725 Comm. Ave.",132145,42.3503880952487,-71.1082098093462
"77","B.U. Central T Stop - 725 Commonwealth Ave",4869,42.3503772817802,-71.1082226607185
"78","BCBS Hingham",587,42.1672255554165,-70.9055578337029
"79","BCBS Quincy",294,42.2760049875667,-71.0392498226793
"80","BIDMC - Brookline at Burlington St",6502,42.345733,-71.100694
"81","Back Bay / South End Station",31237,42.3480741231744,-71.0765701532364
"82","Back Bay T Stop - Dartmouth St at Stuart St",158485,42.3479674699395,-71.0765694796901
"83","Bacon St at Washington St",3425,42.3572462686505,-71.1861841402094
"84","Ball Sq",20874,42.3993753493674,-71.1111485558192
"85","Bartlett St at John Elliot Sq",26309,42.3294195395509,-71.0900863097173
"86","Bartlett St at John Elliot Sq (former)",50,42.3294632592255,-71.0901582055249
"87","Beach St at Freeport St",1244,42.3036020999221,-71.0542761178832
"88","Beachmont Square at Suffolk Downs",861,42.39764456348,-70.99306202692
"89","Beacon St / Mass Ave",31011,42.350851,-71.089886
"90","Beacon St at Arlington St",27540,42.3555560509962,-71.0728348705826
"91","Beacon St at Charles St",110382,42.356086645048,-71.0698512778214
"92","Beacon St at Englewood Ave",802,42.3373691537093,-71.1448597723211
"93","Beacon St at Hawes St",2028,42.3449678332853,-71.1104017690377
"94","Beacon St at Massachusetts Ave",227020,42.3508339110808,-71.0898542188583
"95","Beacon St at St. Paul St",4287,42.3437309499872,-71.1161410716158
"96","Beacon St at Tappan St",37256,42.3382065571156,-71.1389746727249
"97","Beacon St at Washington / Kirkland",84443,42.3787087168841,-71.1069173748495
"98","Beacon at Walnut",1564,42.3299761120502,-71.2067291676718
"99","Belgrade Ave at Walworth St",3549,42.2863490397861,-71.1368245289546
"100","Bellevue T Stop",1199,42.2861224275532,-71.1465907900212
"101","Bellingham Square",2300,42.3933414967701,-71.0332402018253
"102","Bennington St at Byron St",7709,42.3835742966682,-71.0161183297264
"103","Bennington St at Constitution Beach",9462,42.3851849520137,-71.0106019261911
"104","Bennington St at Constitution Beach (former)",15,42.385249,-71.010601
"105","Bennington St at Marion St",1475,42.3759127288889,-71.0359815227639
"106","Berkshire Street at Cambridge Street",95147,42.3720565321139,-71.0899854525957
"107","Big Papi Station",1824,42.3473447317743,-71.1001680795016
"108","Bike Town at Moakley Park",2729,42.3258727050909,-71.0491390777091
"109","Binney St / Sixth St",78500,42.3660502706971,-71.0863504998382
"110","Blossom St at Charles St",50129,42.3637154153635,-71.06874919128
"111","Blossom St at Charles St 1 1 1",3,42.363134,-71.067499
"112","Blue Hill Ave at Almont St",1218,42.2746207518349,-71.0937125960403
"113","Blue Hill Ave at Almont St (former)",6,42.2745452552876,-71.0937201605157
"114","Blue Hill Ave at Havelock St",1745,42.2859475434353,-71.0911180979871
"115","Blue Hill Ave at Southwood St",4330,42.3178829342335,-71.0779608810934
"116","Blue Hill Ave at Southwood St (former)",17,42.31784,-71.07796
"117","Boston City Hall - 28 State St",152904,42.3587780390006,-71.0577854357623
"118","Boston College T",13695,42.3398955660094,-71.1671080787003
"119","Boston Convention & Exhibition Center",7705,42.3475,-71.0441
"120","Boston Convention and Exhibition Center - Summer St at West Side Dr",43107,42.3476581702418,-71.0453232890749
"121","Boston East - 126 Border St",8811,42.3733376243358,-71.0409638309085
"122","Boston Landing",25344,42.3564793903852,-71.1417001137232
"123","Boston Medical Center -  East Concord at Harrison Ave",16711,42.336437,-71.073089
"124","Boston Medical Center - E Concord St at Harrison Ave",81801,42.3364289722537,-71.0731632956458
"125","Boston Public Library - 700 Boylston St.",35216,42.349673,-71.077303
"126","Boston Public Market",32568,42.3625485440933,-71.0573735833168
"127","Boston Public Market - Surface Rd at Sudbury St",11207,42.3624944056582,-71.0574234001646
"128","Bowdoin St at Quincy St",11977,42.3078291675831,-71.0651569398025
"129","Boylston / Mass Ave",23367,42.347265,-71.088088
"130","Boylston St / Berkeley St",17468,42.350989,-71.073644
"131","Boylston St / Washington St",20560,42.352409,-71.062679
"132","Boylston St at Arlington St",127756,42.3522109129764,-71.0696705436697
"133","Boylston St at Arlington St TEMPORARY WINTER LOCATION",1630,42.352583438377,-71.067662499936
"134","Boylston St at Berkeley St",89670,42.3511160842975,-71.0734154333396
"135","Boylston St at Charles St",4606,42.3525760946701,-71.0676440504176
"136","Boylston St at Charles St (Temp Winter Location)",2021,42.3525852484964,-71.0677027702332
"137","Boylston St at Dartmouth St",45686,42.3502899430899,-71.0775967985055
"138","Boylston St at Dartmouth St FORMER",2633,42.350413,-71.07655
"139","Boylston St at Exeter St",107152,42.3497177245045,-71.0792725256457
"140","Boylston St at Fairfield St",170260,42.3488121563653,-71.0823699510032
"141","Boylston St at Jersey St",163421,42.344715196186,-71.0969906095905
"142","Boylston St at Jersey St (former)",589,42.3446957086622,-71.0972379148006
"143","Boylston St at Massachusetts Ave",177807,42.3474679842615,-71.0868718502797
"144","Boylston St at Washington St",12297,42.352409,-71.062679
"145","Boylston St. at Arlington St.",26835,42.3522915323283,-71.0692238937149
"146","Boylston T Stop",674,42.3524751277375,-71.065256047125
"147","Boylston at Fairfield",25462,42.348762,-71.082383
"148","Boynton Yards at 101 South Street",10408,42.3753686744659,-71.0910990716177
"149","Bremen St at Marion St",5287,42.3740897025625,-71.0327767897457
"150","Brian P. Murphy Staircase at Child Street",4547,42.3718377972257,-71.072213143183
"151","Bridge Street Neck",1012,42.5280411571516,-70.889419362701
"152","Brigham Cir / Huntington Ave",11378,42.334073,-71.105221
"153","Brigham Circle - Francis St at Huntington Ave",84170,42.3345046686521,-71.1045210012762
"154","Brighton Ave at Linden St",31565,42.352810117171,-71.1296734737789
"155","Brighton Center",2156,42.3489485723559,-71.1502718925476
"156","Brighton Center - Washington St at Cambridge St",43869,42.3488757159559,-71.1500609064395
"157","Brighton Mills - 370 Western Ave",48603,42.3615068010371,-71.1376977324385
"158","Broad Canal Way at Third Street",25775,42.3631039981843,-71.0830964947245
"159","Broad St at Central St",23747,42.3583630967536,-71.0545906763282
"160","Broadway Opposite Norwood Ave  (Temp Winter Station)",371,42.396764,-71.102376
"161","Broadway St at Mt Pleasant St",31102,42.386072216509,-71.0782760714559
"162","Broadway T Stop",27453,42.3430627583826,-71.0580082264519
"163","Broadway T Stop (former)",311,42.3428,-71.05751
"164","Broadway and Cabot",529,42.4022548624933,-71.01958249814
"165","Broadway at Beacham St",8912,42.3985030520058,-71.0636815448278
"166","Broadway at Central St",27824,42.3951089863094,-71.0984992211243
"167","Broadway at Gerrish Ave",716,42.3946037418997,-71.0307912038229
"168","Broadway at Grafton St",3686,42.4099070967843,-71.1399956895457
"169","Broadway at Kittie Knox Bike Path",19130,42.3640918893063,-71.0875320830835
"170","Broadway at Lynde St",10834,42.3962330866907,-71.0659845056812
"171","Broadway at Maple St",5653,42.4103872483881,-71.0526003820234
"172","Brookline Town Hall",29003,42.3337376993356,-71.1204414842798
"173","Brookline Village - Pearl Street @ MBTA",4017,42.332799,-71.116205
"174","Brookline Village - Pearl Street at MBTA",3191,42.3328656399836,-71.1162514192084
"175","Brookline Village - Station Street @ MBTA",6152,42.3333277333936,-71.1185239069619
"176","Brookline Village - Station Street @ MBTA TEMPORARY WINTER LOCATION",398,42.3337647262349,-71.1204644666032
"177","Brookline Village - Station Street at MBTA",53036,42.3328602542889,-71.1162053743756
"178","Brookline Village MBTA at Pearl Street",2265,42.3328177755962,-71.1162589587853
"179","Bunker Hill Community College",37582,42.3741896255588,-71.0691287657342
"180","Burlington Ave at Brookline Ave",51009,42.345791767233,-71.100893238516
"181","Buswell St. at Park Dr.",13803,42.347241,-71.105301
"182","Butler T Stop",1725,42.2725642271849,-71.0629970071712
"183","California at Chapel",3983,42.3651337411271,-71.202291355323
"184","Cambridge Crossing at North First Street",54043,42.3713868232062,-71.0764220875039
"185","Cambridge Dept. of Public Works -147 Hampshire St.",100525,42.3712374006598,-71.0976240017673
"186","Cambridge Main Library at Broadway / Trowbridge St",137001,42.3734463303307,-71.1110890663092
"187","Cambridge St - at Columbia St / Webster Ave",127127,42.3730476555288,-71.094377009526
"188","Cambridge St at Joy St",169323,42.36120739682,-71.0653256036684
"189","Cambridge St at Warren St",853,42.3502155147475,-71.1466589313737
"190","Cambridge St. at Joy St.",24281,42.361174,-71.065142
"191","CambridgeSide Galleria - CambridgeSide PL at Land Blvd",103214,42.367266445842,-71.0771026369989
"192","Cambridgeside Pl at Land Blvd",17734,42.3669367066546,-71.0765580185564
"193","Canal St at Causeway St",80489,42.3651961991769,-71.0610470672637
"194","Canal St. at Causeway St.",238,42.3641753682,-71.0597024609846
"195","Carr Park",626,42.4209626959231,-71.0913445536923
"196","Cary Square",1656,42.3980142029216,-71.0305273920343
"197","Cedar Grove T Stop",303,42.2797071147772,-71.0602007736964
"198","Central Ave at River St",2774,42.2709177021991,-71.0734037967864
"199","Central Sq Post Office / Cambridge City Hall at Mass Ave / Pleasant St",216228,42.3664353147731,-71.1056277883921
"200","Central Square - East Boston",504,42.3738166435642,-71.0399507332305
"201","Central Square East Boston",18408,42.3753493437035,-71.0393742800097
"202","Central Square East Boston - Porter Street at London Street",17,42.3743013161782,-71.0380867124695
"203","Central Square at Mass Ave / Essex St",454952,42.365049465373,-71.1029220231401
"204","Centre St at Allandale St",2148,42.3006907186887,-71.1275552334811
"205","Centre St at Commonwealth Ave",1023,42.3360759064828,-71.1938284262414
"206","Centre St at Parkway YMCA",2136,42.282935124438,-71.1571244472713
"207","Centre St at Seaverns Ave",20941,42.3126130577993,-71.1141775349392
"208","Centre St at Seaverns Ave (former)",241,42.3121202835661,-71.1142980680779
"209","Centre St at W. Roxbury Post Office",3091,42.2862914449605,-71.1534646963088
"210","Centre St at Washington St",1765,42.3557131474778,-71.1864057286547
"211","Centre St. at Allandale St.",2,42.300806,-71.127436
"212","Charles Circle - Charles St at Cambridge St",266708,42.3607624906102,-71.0713426357452
"213","Charles Circle - Charles St at Cambridge St TEMPORARY WINTER LOCATION",2815,42.3607576104119,-71.0713290982403
"214","Charles Circle - Charles St. at Cambridge St.",33149,42.3607649942302,-71.0708599211263
"215","Charles River Greenway - California St. at Fifth Ave",763,42.364553610532,-71.1910039186478
"216","Charles St S at Stuart",81,42.3506920255,-71.0669685011667
"217","Charles St S at Stuart St",3559,42.3507026612442,-71.0668655105347
"218","Charles St and Beacon St",9941,42.356052,-71.069849
"219","Charles St at Beacon St",18190,42.356052,-71.069849
"220","Charles St at Pinckney St",2916,42.3587253046216,-71.0707953200654
"221","Charles st and Beacon St",7058,42.356052,-71.069849
"222","Charlestown - Main St at Austin St",11361,42.375603,-71.064608
"223","Charlestown - Warren St at Chelsea St",22454,42.371848,-71.060292
"224","Charlestown Navy Yard",91705,42.37411826335,-71.0550794934007
"225","Charlestown Navy Yard (former)",456,42.3740106538449,-71.0548335313797
"226","Chelsea Square",3848,42.3900761438985,-71.0387461208743
"227","Chelsea St at Medford St",4746,42.3786952877376,-71.0528570487482
"228","Chelsea St at Saratoga St",2362,42.3797764589238,-71.027448025334
"229","Chelsea St at Vine St",6114,42.4033722777025,-71.0472116399459
"230","Chelsea Station",5561,42.3964712600653,-71.0399414296143
"231","Chestnut Hill Ave at Ledgemere Rd",4575,42.343666956369,-71.1532025406158
"232","Chestnut Hill Ave at Winship St",517,42.3455788962258,-71.1527767673226
"233","Chestnut Hill Ave. at Ledgemere Road",5,42.343697244,-71.153277093
"234","Chestnut St at Poplar St",4149,42.3776719388386,-71.0859604751711
"235","Child St at North St",31018,42.3717649184836,-71.0729414967136
"236","Child Street at Brian P. Murphy Staircase",32072,42.3719866631858,-71.0721054115583
"237","Chinatown Gate Plaza",90419,42.3514758875875,-71.0593922586879
"238","Chinatown Gate Plaza - Surface Rd. at Beach St.",16097,42.351356,-71.059367
"239","Chinatown T Stop",146316,42.3522152013294,-71.0628810955693
"240","Christian Science Plaza",24699,42.343864,-71.085918
"241","Christian Science Plaza - Massachusetts Ave at Westland Ave",241755,42.3439315200799,-71.0859895400147
"242","Church St",22880,42.3743948551585,-71.1196646721318
"243","Circuit Drive at American Legion Hwy",3038,42.2970544527724,-71.0918189009104
"244","Clarendon Hill at Broadway",16439,42.4062629309843,-71.132326961216
"245","Clarendon St at Commonwealth Ave",256,42.3521903514531,-71.0760041699723
"246","Clarendon St at Newbury St",61301,42.351770480502,-71.0757653252846
"247","Cleary Sq",1688,42.2556604799658,-71.1242814571141
"248","Cleveland Circle",27513,42.3354398683549,-71.1505627994166
"249","Cleveland Circle (former)",135,42.3355309187232,-71.1507278680801
"250","Clinton St at North St",23159,42.3607099768419,-71.0554791826392
"251","Codman Square Library",4605,42.2873796066725,-71.0711061073353
"252","Codman Square Library (former)",17,42.2873611,-71.0711111
"253","Colleges of the Fenway",9558,42.340021,-71.100812
"254","Colleges of the Fenway - Fenway at Avenue Louis Pasteur",69017,42.3401260183748,-71.1006013060041
"255","Columbia Rd at Ceylon St",5583,42.3096331215864,-71.072853044151
"256","Columbia Rd at Tierney Community Center",29835,42.3301866739126,-71.0507827075488
"257","Columbia Rd at Tierney Community Center (former)",120,42.3302326468493,-71.0505741463021
"258","Columbus Ave at Massachusetts Ave",24374,42.3405938924131,-71.0814251833138
"259","Columbus Ave at W. Canton St",67352,42.3446895081502,-71.0765643708154
"260","Columbus Ave. at Mass. Ave.",9217,42.340799,-71.081572
"261","Commercial St at Charter St",14417,42.3682172710582,-71.0568854669669
"262","Commonwealth Ave At Babcock St",80949,42.3515153474273,-71.1213092130565
"263","Commonwealth Ave at Agganis Way",185872,42.3517018972966,-71.1189682209711
"264","Commonwealth Ave at Blandford Mall",7267,42.3490922835387,-71.100376152567
"265","Commonwealth Ave at Buick St",10000,42.3507778286535,-71.1135713907471
"266","Commonwealth Ave at Chestnut Hill Dr",724,42.3384362938795,-71.1545501121325
"267","Commonwealth Ave at Chiswick Rd",22112,42.3402694106887,-71.1516740958384
"268","Commonwealth Ave at Chiswick Rd (former)",107,42.3402177416592,-71.1517309399278
"269","Commonwealth Ave at Fidelis Way",2671,42.3458682196933,-71.1418954205771
"270","Commonwealth Ave at Granby St",14844,42.3498779498743,-71.1038623594156
"271","Commonwealth Ave at Griggs St",64661,42.3492560057008,-71.1326965451636
"272","Commonwealth Ave at Kelton St",49921,42.3483272576195,-71.1400143778441
"273","Commonwealth Ave at Kelton St (former)",280,42.3483680235499,-71.139976214663
"274","Commonwealth Ave at Naples Rd",17112,42.3518991736105,-71.1237584454597
"275","Community Life Center",245,42.5201298517143,-70.906280222
"276","Community Path at Cedar Street",48745,42.3941387724552,-71.1115358939616
"277","Community Path at Lowell St",32655,42.3925796781565,-71.1056570417085
"278","Concord Ave at Spinelli Place",5969,42.3906811025193,-71.1538692515783
"279","Congress / Sleeper",19286,42.3511,-71.0496
"280","Congress St and Northern Ave",4598,42.3482032222746,-71.0376513004303
"281","Congress St at Boston City Hall",48416,42.3606231682447,-71.0575851090511
"282","Congress St at Boston Wharf Rd",1410,42.3495324295077,-71.0468177826256
"283","Congress St at North St",11753,42.3602370711255,-71.0583402193133
"284","Congress St at Northern Ave",64773,42.3481280495138,-71.0377438062956
"285","Congress St at Sleeper St",66387,42.3511856917923,-71.0497453786997
"286","Constitution Rd at Chelsea St",4595,42.3735191933243,-71.0583349330431
"287","Conway Park - Somerville Avenue",84925,42.3835845390647,-71.1084808830978
"288","Conway Park @ Bleachery Ct (Temp Winter Station)",2686,42.3833701129285,-71.1074635043048
"289","Conway Park at Central Street (Temporary Winter Location)",182,42.3833178700906,-71.1072321795482
"290","Coolidge Corner - Beacon St @ Centre St",20690,42.341598,-71.123338
"291","Coolidge Corner - Beacon St at Centre St",103312,42.3415686270137,-71.1232458539777
"292","Coolidge Sq.",8187,42.372217043208,-71.1567710414879
"293","Copley Square - Dartmouth St at Boylston St",166179,42.3498848443666,-71.0774024467598
"294","Craigie & Summer at Conway Park (Temp. Winter Location)",2371,42.3833562284624,-71.1074405672903
"295","Craigie St at Brattle St / Sparks St",2,42.3779233774179,-71.1300602747914
"296","Craigie St at Brattle St/Sparks St",30,42.3779233774179,-71.1300602747914
"297","Craigie St at Summer St",8725,42.3882578213134,-71.1107345636807
"298","Craigie at Summer St",9260,42.38641081381,-71.1097414666401
"299","Cross St at Hanover St",176361,42.3628057142618,-71.0560998249469
"300","Cross St at Stillman St",4140,42.363693330491,-71.0574849046628
"301","Cross St. at Hanover St.",28301,42.362811,-71.056067
"302","Cummins Highway at Blue Hill Ave T Stop",355,42.2699438537086,-71.0973290639037
"303","Cummins at American Legion",67,42.278811581566,-71.1168770306267
"304","Curtis Hall - South St at Centre St",26615,42.3090706190769,-71.1153985824812
"305","Curtis Hall at South Street",4479,42.309054,-71.11543
"306","Cypress St at Clark Playground",16600,42.3277051763634,-71.1251647876029
"307","Damrell St at Old Colony",8052,42.3324014598039,-71.054500143652
"308","Damrell St at Old Colony Ave",879,42.33243224033,-71.054673249264
"309","Damrell st at Old Colony Ave",6,42.3324565005,-71.054355581
"310","Dana Park",112926,42.3618229121034,-71.1080665739479
"311","Danehy Park",34289,42.388970214055,-71.1327979375383
"312","Danehy Park at New Street",14297,42.3895692933491,-71.1391528041998
"313","Dartmouth St at Newbury St",101076,42.3509180555586,-71.0780874325208
"314","Davis Square",138290,42.3971613687331,-71.1231783833183
"315","Day Boulevard",2996,42.336448,-71.023739
"316","Day Sq",6567,42.3792001649497,-71.0278056958234
"317","Deerfield St at Commonwealth Ave",133894,42.3493461664001,-71.0973729618361
"318","Deerfield St at Commonwealth Ave (former)",1289,42.3492056897707,-71.0972706304165
"319","Derby Street",2448,42.5200832723321,-70.8914731716485
"320","Discovery Park - 30 Acorn Park Drive",20509,42.3979243935677,-71.1479319301833
"321","Dorchester Ave at Gillette Park",34542,42.3440731871329,-71.0574486254153
"322","Dorchester Ave at King St",3227,42.2917193674076,-71.0626364934907
"323","Dorchester Ave at Savin Hill Ave",634,42.3123509677534,-71.0573610928493
"324","Dorchester Ave. at Gillette Park",6829,42.344023,-71.057054
"325","Dudley Square",3105,42.328654,-71.084198
"326","Dudley Square - Bolling Building",16939,42.3298338260767,-71.083785738756
"327","Dudley Square - Dudley St at Warren St",5247,42.328776474209,-71.0841205061405
"328","Dudley Town Common - Mt Pleasant Ave at Blue Hill Ave",11068,42.3252458827324,-71.0753826179655
"329","E Cottage St at Columbia Rd",20762,42.3206924606604,-71.0621862297258
"330","E. Cottage St at Columbia Rd",1750,42.320561,-71.06198
"331","EBNHC - 20 Maverick Sq",88,42.369562869377,-71.0394269227981
"332","EF - North Point Park",100374,42.3699501242501,-71.0701672848985
"333","East Boston Neighborhood Health Center - 20 Maverick Square",18979,42.3695553809797,-71.0394220186242
"334","East Somerville Library (Broadway and Illinois)",19964,42.387641977779,-71.0831616826495
"335","Edgerly Education Center",24322,42.3871314308864,-71.0871173397339
"336","Edwards Playground - Main St at Eden St",32001,42.379088749444,-71.0686895004377
"337","Edwards Playground - Main Street & Eden Street",3422,42.378965,-71.068607
"338","Egleston Square - Atherton St at Washington St",15394,42.3158054465143,-71.0986745504029
"339","Egleston Square at Columbus Ave",2166,42.315692,-71.098634
"340","Elevate at One Leighton",19621,42.3698725320864,-71.0738045019416
"341","Eliot Circle Revere Beach",2000,42.4030267062647,-70.9900164887059
"342","Elm St at White St",44713,42.3893609002076,-71.1167164609859
"343","Elm St at White St (Temporary Winter Location)",2,42.3833895116315,-71.1073244748673
"344","Elm and White Street (Temporary Winter Location)",9,42.3833401332105,-71.1072683316224
"345","Encore",10671,42.3934581884714,-71.0727796628019
"346","Essex St at Dalton Parkway",1151,42.5162296487273,-70.9055349099545
"347","Everett Square (Broadway at Chelsea St)",3481,42.4072663406647,-71.0555747134166
"348","Everett Square (Broadway at Norwood St)",2954,42.4071882619418,-71.0555259011739
"349","Fairmount St at Washington St",15,42.2811848755114,-71.0712006356536
"350","Fan Pier",62228,42.3533282020927,-71.0444521295324
"351","Faneuil Hall - Union St. at North St.",14978,42.360613,-71.057452
"352","Faneuil St at Arlington St",8119,42.3527797618195,-71.1599052759998
"353","Faneuil St at Arlington St (former)",135,42.3528611,-71.1600278
"354","Faneuil St at Bothwell Rd",1220,42.3532733424583,-71.1594512378333
"355","Faneuil St at Market St",784,42.35484,-71.150226
"356","Farragut Rd at E. 6th St",36633,42.3335477346953,-71.0248631801956
"357","Fenway at Forsyth Way",2733,42.3411030739825,-71.0921098586294
"358","Fenway at Museum Rd",804,42.3392246121579,-71.0966073724737
"359","Ferry St at Pleasantview Ave",199,42.4113859310298,-71.0542737818287
"360","Fields Corner T Stop",9487,42.2997265484195,-71.0606899098706
"361","Flat 9 at Whittier",6699,42.3343196494485,-71.0878744134336
"362","Flint St at Bridge St",1,42.521393,-70.905806
"363","Flint St. at Bridge St.",30,42.521393,-70.905806
"364","Foley St at Grand Union Blvd",20047,42.3930056935294,-71.0810205276534
"365","Forest Hills",44636,42.3009261090364,-71.1143318211489
"366","Forest River Park",1808,42.5063434699167,-70.88684229425
"367","Forsyth St at Huntington Ave",109761,42.3394003595937,-71.090550382987
"368","Foss Park",24541,42.3910536993925,-71.0904259516047
"369","Foss Park 2 (temp for winter)",98,42.3907713735385,-71.0896763738462
"370","Four Corners - 157 Washington St",3350,42.3043105893169,-71.0793887478949
"371","Four Corners/Geneva T Stop",1706,42.3033211605213,-71.0782308954341
"372","Franklin Park - Seaver St at Humboldt Ave",6042,42.3099357117537,-71.0923920288452
"373","Franklin Park - Seaver St at Humbolt Ave",2384,42.309796,-71.092225
"374","Franklin Park - Seaver Street at Humbolt Ave",461,42.309796,-71.092225
"375","Franklin Park Zoo",484,42.303469,-71.085347
"376","Franklin Park Zoo - Franklin Park Rd at Blue Hill Ave",8701,42.3033486038391,-71.0854842756166
"377","Franklin St at Cambridge St",2546,42.3557210434787,-71.1328500593351
"378","Franklin St. / Arch St.",19778,42.355402,-71.058087
"379","Fresh Pond Reservation",20053,42.3832231060676,-71.1429040102188
"380","Galen St at Watertown St",1198,42.364277366421,-71.1857120650263
"381","Galileo Galilei Way at Fulkerson St/Binney St",23883,42.3663282024891,-71.0885926237426
"382","Galileo Galilei Way at Main Street",60255,42.362936178185,-71.0898021435276
"383","Gallivan Blvd at Adams St",5093,42.2828370826101,-71.0546953697039
"384","Gardner St at Alcorn St",1339,42.3532244344375,-71.1232720201437
"385","Gardner St at Harvard Ave",3654,42.3534973256553,-71.1319850825501
"386","Geiger Gibson Community Health Center",17901,42.3188408717511,-71.0453260788107
"387","Gilman Square T at Medford St",16680,42.3865882628101,-71.0945451422585
"388","Glendale Square (Ferry St at Broadway)",4614,42.4142121499947,-71.0448402364626
"389","Glendon St at Condor St",3237,42.3823880628333,-71.0302192455883
"390","Goodhue St at Grove St",781,42.5209567305333,-70.9105435042
"391","Gore Street at Lambert Street",51589,42.3730791098302,-71.0861935869162
"392","Gove St at Orleans St",9073,42.3707820932316,-71.0357537904942
"393","Government Center - Cambridge St at Court St",103871,42.3600801723056,-71.0600009057536
"394","Governors Ave at Lawrence Rd",762,42.4251822482667,-71.1103467685333
"395","Graham and Parks School – Linnaean St at Walker St",32348,42.3829377379616,-71.1244455449555
"396","Gramsdorf Playground",2425,42.408140970463,-71.0429039135726
"397","Grand Union Blvd at Revolution Dr",4003,42.3916443462763,-71.0802578157005
"398","Green St T",5888,42.310579,-71.107341
"399","Green Street T Stop - Green St at Amory St",43238,42.3106335687579,-71.1072997493918
"400","Grove Hall Library",99,42.308035,-71.081159
"401","Grove Hall Library - 41 Geneva Ave",6414,42.3079474823772,-71.0809573861217
"402","Grove St at Community Path",70260,42.3963859838072,-71.120048482849
"403","Grove St at Community Path (former)",510,42.3963838795032,-71.1201050877571
"404","HMS / HSPH - Ave. Louis Pasteur at Longwood Ave.",18026,42.337171,-71.102797
"405","HMS/HSPH - Avenue Louis Pasteur at Longwood Ave",104153,42.3374229808998,-71.1028351121827
"406","Haines Square",2029,42.423339923441,-71.0912416551234
"407","Hale Park",2366,42.4152777555526,-71.0528153408349
"408","Hancock St at Pleasant St",5191,42.3098960429648,-71.0602291195409
"409","Harambee Park - Westview St at Blue Hill Ave",240,42.2912682492857,-71.0886747974286
"410","Harbor St at Channel St",4694,42.345031796408,-71.036620388472
"411","Harris Park",1739,42.4107563108081,-71.0813902808221
"412","Harrison Ave at Bennet St",50966,42.3494620895204,-71.061949068116
"413","Harrison Ave at Bennet St (former)",253,42.3493102175903,-71.0621050000191
"414","Harrison Ave at E. Dedham St",43240,42.3391646764754,-71.0697685585094
"415","Harrison Ave at Mullins Way",79480,42.3452036275055,-71.0636479293648
"416","Harrison Ave at Mullins Way (former)",315,42.3451085703785,-71.0639207811982
"417","Harvard Ave at Brainerd Rd",74410,42.3495183338736,-71.1302289290073
"418","Harvard Ave at Brainerd Rd (former)",416,42.3495618854541,-71.1302706227616
"419","Harvard Kennedy School at Bennett St / Eliot St",137974,42.3719838472311,-71.1217104176225
"420","Harvard Law School at Mass Ave / Jarvis St",113344,42.3783576352863,-71.1199133964249
"421","Harvard Real Estate - Brighton Mills - 370 Western Ave",4564,42.361667,-71.13802
"422","Harvard Square at Brattle St / Eliot St",158022,42.3733300969248,-71.1210150412951
"423","Harvard Square at Mass Ave/ Dunster",371870,42.373224439457,-71.1184767489654
"424","Harvard St and Stedman St",35231,42.3444087006468,-71.1247828654013
"425","Harvard St at Greene-Rose Heritage Park",94270,42.3660139427237,-71.095201333771
"426","Harvard St at Greene-Rose Heritage Park (former)",813,42.3659940603079,-71.0951632261276
"427","Harvard Stadium: N. Harvard St at Soldiers Field Rd",51821,42.3679560660526,-71.124215436691
"428","Harvard University / SEAS Cruft-Pierce Halls at 29 Oxford St",118285,42.3779000400602,-71.1168167748168
"429","Harvard University Gund Hall at Quincy St / Kirkland S",45807,42.376369,-71.114025
"430","Harvard University Gund Hall at Quincy St / Kirkland St",72842,42.3763600897757,-71.1139556381507
"431","Harvard University Housing - 111 Western Ave. at Soldiers Field Park",12888,42.365064,-71.119233
"432","Harvard University Housing - 115 Putnam Ave at Peabody Terrace",123619,42.3665950783129,-71.1141942091627
"433","Harvard University Radcliffe Quadrangle at Shepard St / Garden St",103327,42.3803262245033,-71.1249930329233
"434","Harvard University River Houses at DeWolfe St / Cowperthwaite St",176869,42.3691252782198,-71.1169792451782
"435","Harvard University Transportation Services - 175 North Harvard St",11193,42.363796,-71.129164
"436","Hawthorne Boulevard",3740,42.5223647449286,-70.8903186915357
"437","Hayes Square - Vine St at Moulton St",19501,42.3769777946505,-71.0567117151128
"438","Hayes Square at Vine St.",4927,42.377022,-71.056605
"439","Heath St at South Huntington",1855,42.3279727020596,-71.110897064209
"440","Herter Park",4456,42.3657516917081,-71.1353713719808
"441","Hickey Park",1651,42.4249519458082,-71.0990268043242
"442","High St at Cypress St",12729,42.3245008333415,-71.1213788914792
"443","High St at Federal St",11741,42.3535073126391,-71.0566070546008
"444","Honan Library",43564,42.3602864746158,-71.1283947497637
"445","Hood Park",9740,42.3800096155965,-71.0732433728663
"446","Hormel Stadium",5742,42.4071155192233,-71.0962866390372
"447","Huntington Ave at Colburn St",2575,42.3326975562167,-71.1107935068
"448","Huntington Ave at Exeter St",1466,42.3478312753333,-71.0789399912338
"449","Huntington Ave at Mass Art",61290,42.3365882309073,-71.098827249778
"450","Huntington Ave at Mass Art (former)",321,42.3365190930439,-71.0989692435578
"451","Huntington Ave at St. Alphonsus St",3051,42.3361113207585,-71.0991714307053
"452","Huron Ave At Vassal Lane",27728,42.3816566378361,-71.1342725808003
"453","Huron Ave. At Vassal Lane",552,42.3816506129012,-71.1342698149838
"454","Hyde Park Ave at Arlington St",355,42.2629581721489,-71.1216124891962
"455","Hyde Park Ave at Walk Hill St",6310,42.2960802806466,-71.1159687917319
"456","Hyde Park Library",618,42.2568540501046,-71.1225326877791
"457","Hyde Square - Barbara St at Centre St",37481,42.321620572986,-71.1100056530302
"458","Hyde Square - Centre St at Perkins St",20279,42.321693069831,-71.1099495999119
"459","Hyde Square at Barbara St",6115,42.320998,-71.110833
"460","ID Building East",39735,42.3449017807737,-71.0287201694459
"461","ID Building West",49019,42.3448948586637,-71.0318718817117
"462","Ink Block",12087,42.345901,-71.063187
"463","Ink Block - Harrison Ave at Herald St",64827,42.3458287094403,-71.0633679480222
"464","Inman Square at Springfield St.",117146,42.3742935573376,-71.1001999986
"465","Inman Square at Vellucci Plaza / Hampshire St",52541,42.374035,-71.101427
"466","Innerbelt at East Somerville Station",979,42.3795926877151,-71.0864348018769
"467","Innovation Lab - 125 Western Ave at Batten Way",56897,42.3637781483531,-71.1245439891318
"468","Innovation Lab - 125 Western Ave. at Batten Way",6675,42.363732,-71.124565
"469","Ipswich St at Van Ness St",4447,42.3458088058208,-71.0955186478534
"470","JFK / UMASS at MBTA Station",2950,42.320494,-71.051122
"471","JFK Crossing at Harvard St. / Thorndike St.",40579,42.3465816758724,-71.1282564366933
"472","JFK/UMass T Stop",29023,42.3203481040522,-71.0512012331398
"473","JP Center - Centre Street at Myrtle Street",2096,42.313156,-71.11414
"474","Jackson Square T Stop",60959,42.3230742624644,-71.1001232981559
"475","Jackson Square T at Centre St",6715,42.3227796770678,-71.0999384564199
"476","Jamaica St at South St",9751,42.3060184434859,-71.1157053884739
"477","Jamaicaway at Perkins St",1810,42.3212672450709,-71.116493394252
"478","Jersey St. at Boylston St.",13151,42.3446808403874,-71.0978534817696
"479","John Ahern Field at Kennedy-Longfellow School",18291,42.3690556557078,-71.086450493328
"480","John F Fitzgerald - Surface Road at India Street",14448,42.358155,-71.052163
"481","Kearins Playground",2639,42.4059230546374,-71.0603728635145
"482","Kendall Street",76982,42.3633757543966,-71.082192456403
"483","Kendall T",229593,42.3623036584289,-71.0852691926778
"484","Kenmore Sq / Comm Ave",27849,42.348706,-71.097009
"485","Kenmore Square",138103,42.3486895096443,-71.0966620442624
"486","Kenmore Square - 660 Beacon St",8677,42.3492327762871,-71.0957116224368
"487","Kennedy-Longfellow School 158 Spring St",84350,42.3695015866304,-71.0858005267939
"488","Kierstead Park",1055,42.4293158820185,-71.0519148843771
"489","Knoll St at Centre St",1912,42.2937461983389,-71.1365132821603
"490","Lafayette Square at Mass Ave / Main St / Columbia St",168221,42.3634120874389,-71.1004167759419
"491","Lafayette at Leach St",2194,42.5114137360926,-70.8918306483656
"492","Lake St. at Minuteman Bikeway",3138,42.404186135413,-71.1468889504653
"493","Landmark Center - Brookline Ave at Park Dr",153465,42.3436988738007,-71.1024702258255
"494","Landmark Centre",16654,42.343912,-71.102221
"495","Langley Lot",1742,42.3305664601096,-71.1929174922671
"496","Lansdowne T Stop",55661,42.3473974986648,-71.1001915694102
"497","Lawn on D",5382,42.344792,-71.044024
"498","Lechmere Canal Park",6695,42.3698632719257,-71.0760438536773
"499","Lechmere Station at Cambridge St / First St",101121,42.370677,-71.076529
"500","Lenox St at Kendall St",10682,42.337428817717,-71.0823779954567
"501","Lesley University",61426,42.3864290947462,-71.1190961415613
"502","Lewis Mall Wharf",6866,42.3656310510651,-71.0402208015443
"503","Lewis Wharf - Atlantic Ave.",21732,42.363871,-71.050877
"504","Lewis Wharf at Atlantic Ave",146267,42.3638755568846,-71.0509276319521
"505","Lincoln St at Empire St",13337,42.3576649055311,-71.1285187702361
"506","Linear Park - Mass. Ave. at Cameron Ave.",74578,42.3977531694482,-71.1302072530946
"507","Linwood St at Minuteman Bikeway",14064,42.4093066680289,-71.1490752231551
"508","Logan Park",1705,42.4180155213399,-71.0965141910959
"509","Longwood Ave / Binney St",16155,42.338629,-71.1065
"510","Longwood Ave at Binney St",152482,42.3385303335628,-71.1066817148705
"511","Lower Cambridgeport at Magazine St / Riverside Rd",158821,42.3573139945395,-71.1138436916861
"512","Lower Cambridgeport at Magazine St/Riverside Rd",33390,42.3570201257941,-71.1137331585016
"513","MIT Carleton St at Amherst St",104705,42.3605755530435,-71.0866278760218
"514","MIT Hayward St at Amherst St",92812,42.3610389511992,-71.0854804677311
"515","MIT Pacific St at Purrington St",299646,42.3596674755339,-71.1012531134744
"516","MIT Stata Center at Vassar St / Main St",304737,42.3622304980822,-71.0911148860278
"517","MIT Vassar St",291746,42.3555752516848,-71.1038714771469
"518","MIT at Mass Ave / Amherst St",586977,42.3583912445331,-71.0932175833936
"519","MLK Blvd at Washington St",18196,42.3214571151396,-71.0912816702293
"520","MTL-ECO4-01",1,0,0
"521","MTL-ECO5.1-01",1,0,0
"522","Magoun Square at Trum Field",32426,42.3978015591294,-71.1060402784144
"523","Main St at Austin St",56259,42.3756471670965,-71.0647186133118
"524","Main St at Baldwin St",25999,42.3808332870924,-71.0706616593961
"525","Main St at Beacon St",294,42.4097957573753,-71.0634352642046
"526","Main St at Brooks Park",4211,42.4116645983355,-71.1104138878904
"527","Main St at Devens St",4407,42.3740648714044,-71.0633932456538
"528","Main St at Salem St",4072,42.3771223402587,-71.0664703888014
"529","Main St at Thompson Sq",32432,42.3748693339441,-71.0639006926907
"530","Main St at Thompson Sq (former)",283,42.374917,-71.063829
"531","Main Street at Carter Street",670,42.405477715109,-71.0607049669969
"532","Main Street/Albany Street/Technology Square",48892,42.3629258404705,-71.0915217971784
"533","Malden Center T Station",7407,42.4261517374439,-71.0731433711512
"534","Malden High School",4343,42.4264766205494,-71.0639353763994
"535","Maplewood Square",569,42.4335865838462,-71.0463035791282
"536","Marion St at Harvard St",58006,42.3401273603287,-71.1207240752275
"537","Marion St at White St",7921,42.3807224104996,-71.0391053698178
"538","Market St at Faneuil St",171,42.3548017906994,-71.1502504348755
"539","Market St at Mapleton St",1203,42.3523019998843,-71.1515102105289
"540","Martha Eliot Health Center",11146,42.3242575402619,-71.1019171966606
"541","Mass Ave T Station",68726,42.3413711663407,-71.0834358499509
"542","Mass Ave T Stop",2881,42.3413577695412,-71.0834110888653
"543","Mass Ave at Albany St",158954,42.3611906210265,-71.09651466375
"544","Mass Ave at Alewife Greenway",2337,42.4013400625662,-71.1365250327534
"545","Mass Ave at Broadway",2449,42.4142021320019,-71.1505188338924
"546","Mass Ave at Grafton St",6077,42.4073475913804,-71.1437707234873
"547","Mass Ave at Hadley/Walden",36694,42.3911256485529,-71.1224693417587
"548","Mass Ave at Hadley/Walden (former)",251,42.3913854886382,-71.1228811740875
"549","Mass Ave at Newmarket Square",2098,42.326599,-71.066498
"550","Mass Ave/Lafayette Square",76656,42.3634967329164,-71.1003578851676
"551","Massachusetts Ave at Boylston St.",57288,42.3474661006383,-71.0879820656608
"552","Massachusetts Ave at Columbus Ave",62458,42.3408430453823,-71.0814483433777
"553","Mattapan Library",1589,42.2775876334685,-71.0933095318741
"554","Mattapan Library (former)",24,42.2773889,-71.09325
"555","Mattapan T Stop",3521,42.2679575559244,-71.0936320485644
"556","Mattapan T Stop (former)",38,42.267902,-71.093641
"557","Maverick Sq - Lewis Mall",154,42.3688385713652,-71.0397666694917
"558","Maverick Square - Lewis Mall",27624,42.3687915142615,-71.0398203000976
"559","Maverick St at Massport Path",9244,42.3677862427909,-71.0333642685366
"560","Mayor Martin J Walsh - 28 State St",28528,42.35892,-71.057629
"561","Mayor Salvo Path at Mill St",4647,42.517973464783,-70.8956810815962
"562","Meaney Playground - Pleasant St at E Cottage St",8060,42.3188436210561,-71.05879778936
"563","Medford Sq - Riverside Ave at River St",3986,42.4176025720252,-71.1079588322316
"564","Medford St at Charlestown BCYF",26887,42.3805368362852,-71.0608008798532
"565","Medford St at Charlestown BCYF (former)",201,42.380584,-71.060875
"566","Medford St at McNulty Ct",1685,42.379162447918,-71.0577754070574
"567","Medford St at Warren St",746,42.4164955129107,-71.1480670717561
"568","Medford St. at Warren St.",1,42.4164905746328,-71.1481342905362
"569","Melnea Cass Blvd at Hampden St",2857,42.3310177193493,-71.0754224593606
"570","Middlesex Ave at Foley St",147,42.3928646205556,-71.0832264738333
"571","Mill St. at Minuteman Bikeway",2951,42.4186265999806,-71.1575506756691
"572","Milton Ave at Edson St",45,42.2848520979827,-71.0773055221699
"573","Mobile Temporary Station",40,42.3517100347885,-71.0772491611169
"574","Mobile Temporary Station 2",3,0,0
"575","Moore Youth Center",22057,42.3635175271851,-71.1117008524498
"576","Morgan Ave at North First St",30264,42.3722457017526,-71.0762226885656
"577","Morton St T",1189,42.280684931672,-71.086074723643
"578","Morton St T (former)",20,42.2807538296145,-71.0862183115023
"579","Morton St at Gallivan Blvd",1271,42.278743486784,-71.0803173323642
"580","Mt Auburn",40447,42.3748620716195,-71.1333267868047
"581","Mt Pleasant Ave / Dudley Town Common",1137,42.325333,-71.075354
"582","Mt. Hope St at Hyde Park Ave",2121,42.2847544387308,-71.1186073247473
"583","Mugar Way at Beacon St",133114,42.3556179951363,-71.0729484869707
"584","Murphy Skating Rink - 1880 Day Blvd",48698,42.3364984185437,-71.0237240286375
"585","Museum of Science",41468,42.3677975937786,-71.0712361055335
"586","Mystic Ave at Crescent St",208,42.4107924326842,-71.1062749667895
"587","Mystic Valley Parkway at River Station",504,42.415049144,-71.1389690105833
"588","N. Beacon St at N. Beacon Ct",297,42.3644415713911,-71.1809137364617
"589","N. Harvard St at Harvard Way",5037,42.3668244435368,-71.1251317485882
"590","NCAAA - Walnut Ave at Crawford St",10891,42.3168806781081,-71.0919008557579
"591","Nashua Street at Red Auerbach Way",196550,42.3656820606186,-71.0643762957259
"592","Nashua Street at Red Auerbach Way [Extension]",7383,42.3658414836928,-71.064179055744
"593","New Balance - 20 Guest St",27811,42.357331110895,-71.1467258128091
"594","New Balance - 20 Guest St.",2545,42.357402,-71.147782
"595","New Balance Store - Boylston at Dartmouth",11758,42.350413,-71.07655
"596","New Edgerly Plaza - Westland Ave at Edgerly Rd",3035,42.3436874255478,-71.0874478143478
"597","Newbury St / Hereford St",19668,42.3487194413363,-71.085915955864
"598","Newbury St at Hereford St",167647,42.3488031763969,-71.0858719808119
"599","Newmarket Square T Stop - Massachusetts Ave at Newmarket Square",33812,42.3266124357544,-71.0665152151846
"600","Newton Highlands T",2321,42.3221333221862,-71.206217971064
"601","Newton Library",929,42.3362137155798,-71.2077115613347
"602","Nichols Ave. at Watertown Greenway",8831,42.3676472490693,-71.1562749828562
"603","Nonantum Library",2764,42.3607495787562,-71.2014326556814
"604","Norman St at Kelvin St",1067,42.4092403744065,-71.0669896275568
"605","North St at Liberty Hill Ave",409,42.5299052535765,-70.9061383591029
"606","Northampton St at Fellows St",3387,42.3336005111331,-71.0751901801687
"607","Northbourne Rd at Hyde Park Ave",2648,42.291180610362,-71.1176625354422
"608","Northeastern U / North Parking Lot",12993,42.341814,-71.090179
"609","Northeastern University - North Parking Lot",87849,42.3418201785537,-71.0902387249537
"610","Northern Ave at Haul Rd",4442,42.3471652431898,-71.0357554740511
"611","Northern Strand - West St & Wellington Ave",2049,42.4034425743019,-71.0632676463585
"612","Northern Strand at Bike Kitchen",897,42.4206350862389,-71.0721792766928
"613","Northern Strand at Main St",5036,42.4237256843788,-71.0677916138312
"614","Northern Strand at Salem Street",896,42.4419525926667,-71.0146742638333
"615","Northhampton St at Fellows St",528,42.333412204729,-71.0751849461967
"616","Nubian Square - Bolling Building",5773,42.3298934697206,-71.0837895180599
"617","O'Brien Highway at First Street",12805,42.3707933620562,-71.0765412043206
"618","Oak Square - 615 Washington St",21492,42.3505695815278,-71.1662904909556
"619","Oak Square - Washington St at Bigelow St",1113,42.3506289783796,-71.1674369696296
"620","Oak Square YMCA",165,42.3504816166975,-71.1663669349946
"621","Old Morse Park at Putnam Ave",51300,42.3577010714761,-71.108359632784
"622","One Beacon St",23885,42.3584868203971,-71.0615820497574
"623","One Brigham Circle",63333,42.3339540002524,-71.1042886739132
"624","One Brigham Circle (former)",329,42.3339197272058,-71.1044677720383
"625","One Broadway / Kendall Sq at Main St / 3rd St",127555,42.3622496675108,-71.0831905564677
"626","One Kendall Square at Hampshire St / Portland St",205888,42.3660062086061,-71.091286881502
"627","One Memorial Drive",48830,42.3617592723096,-71.0805545456737
"628","Orient Heights T Stop - Bennington St at Saratoga St",14527,42.386763270005,-71.0061068970212
"629","Orr Sq (Shirley Ave)",5753,42.407304884941,-70.9928258515885
"630","Packard Ave / Powderhouse Blvd",5351,42.40449,-71.123413
"631","Packard Ave at Powderhouse Blvd",27654,42.4043359440423,-71.1230849646451
"632","Packard's Corner - Comm. Ave. at Brighton Ave.",16190,42.352261,-71.123831
"633","Packard's Corner - Commonwealth Ave at Brighton Ave",146483,42.3522686747883,-71.1237259102861
"634","Park Dr at Buswell St",89677,42.3472547656619,-71.1053005455403
"635","Park Plaza at Charles St",1051,42.3518280689207,-71.0678113811173
"636","Park Plaza at Charles St (former)",400,42.35186,-71.067688
"637","Park Plaza at Charles St S.",59118,42.3518285403119,-71.0679929166886
"638","Park Plaza at Columbus Ave",100,42.35186,-71.067688
"639","Park St at Norwell St",1411,42.2943987846395,-71.0782925540632
"640","Park Street T Stop - Tremont St at Park St",10501,42.3566500092475,-71.0623978409096
"641","Parker St at Huntington Ave",21133,42.3383583231283,-71.0928060348594
"642","Pearl St at Medford St",923,42.3881570541953,-71.0958874225616
"643","Pearl St at Milk St",9023,42.3567093063118,-71.0554927935179
"644","Perry Park",50069,42.3792820141076,-71.1034400985179
"645","Pier 4 Blvd at Autumn Ln",33185,42.3501706537276,-71.0446068366168
"646","Piers Park",13949,42.3648458082848,-71.0349379861625
"647","Piers Park- Marginal St at East Boston Shipyard",83,42.3648904554155,-71.0350424052376
"648","Pilgrim Rd at Brookline Ave",696,42.3425810462803,-71.1049223877879
"649","Pope John High School",1524,42.4202991754221,-71.0442854616194
"650","Pope John Paul II Park - Neponset Trail at Hallet St",1887,42.279768889964,-71.046054883045
"651","Porter Square Station",141271,42.3880255525225,-71.1190607384212
"652","Porzio Park",9188,42.3641885078047,-71.028926549932
"653","Post Office Square",53459,42.356097660887,-71.0550925854069
"654","Post Office Square - Pearl St at Milk St",16296,42.356755,-71.055407
"655","Powder House Circle - Nathan Tufts Park",35335,42.4007246217763,-71.1168715194432
"656","Prudential Center - 101 Huntington Ave",91140,42.3465393654892,-71.0805624877981
"657","Prudential Center - Belvedere St",34501,42.3463797799881,-71.0811378240884
"658","Prudential Center / Belvidere",24166,42.345959,-71.082578
"659","Purchase St at Pearl St",77680,42.3547553552852,-71.0533067447788
"660","Railroad Lot and Minuteman Bikeway",12418,42.4160599965651,-71.1532046070981
"661","Raymond Park at Walden St",14272,42.3873255345739,-71.1276726118853
"662","Reservoir Rd at Beacon St",279,42.3314524650833,-71.1576939684167
"663","Revere Beach - Markey Footbridge",2213,42.4140014056429,-70.9896233187143
"664","Revere City Hall",2325,42.4074485667553,-71.0138380780319
"665","Revere Public Library",1214,42.4080534348607,-71.0089342345738
"666","Rindge Avenue - O'Neill Library",29444,42.392816258422,-71.129063221649
"667","Ring Rd",36796,42.3482783854263,-71.080448553148
"668","Ringer Park - Webley St at Armington St",1195,42.3519964031086,-71.1369950604057
"669","Riverway at Brookline Ave",22100,42.3366736584335,-71.1100615086964
"670","Rogers St & Land Blvd",39304,42.3664193355834,-71.0766273634415
"671","Roseland St At Dorchester Ave",488,42.2911685327193,-71.0630089044571
"672","Roslindale Village - South St",6846,42.2870291932901,-71.1278141611412
"673","Roslindale Village - South St (former)",51,42.287072,-71.127754
"674","Roslindale Village - Washington St",4901,42.2861811131924,-71.1283985399401
"675","Roslindale Village - Washington St (former)",32,42.2861532,-71.1283744
"676","Ross Playground",975,42.2646228564162,-71.1146188597746
"677","Rowes Wharf - Atlantic Ave",23223,42.357143,-71.050699
"678","Rowes Wharf at Atlantic Ave",90439,42.3571567292189,-71.0508467088047
"679","Roxbury Crossing Station",9018,42.331184,-71.095171
"680","Roxbury Crossing T Stop - Columbus Ave at Tremont St",106411,42.331269730095,-71.095104610691
"681","Roxbury YMCA",268,42.317963,-71.082254
"682","Roxbury YMCA - Warren St at MLK Blvd",12938,42.3179332696885,-71.0824641021853
"683","Rugg Rd at Braintree St",312,42.3560749390435,-71.1353061000435
"684","Ruggles Station / Columbus Ave.",14121,42.335911,-71.088496
"685","Ruggles T Stop - Columbus Ave at Melnea Cass Blvd",167785,42.3363220117235,-71.0880228327434
"686","Rutherford Ave at Bunker Hill Industrial Park",677,42.3792868689375,-71.0714538699531
"687","Rutherford Ave at Main St",1832,42.3838185993611,-71.0731193467167
"688","Ryan Playground - Dorchester Ave at Harbor View St",19573,42.3177548858375,-71.0566680904968
"689","Ryan Playground - Dorchester Avenue Station",1169,42.317642,-71.056664
"690","S Huntington Ave at Heath St",30793,42.3274961545513,-71.1108460583758
"691","S Huntington at Heath St",68,42.3276052607235,-71.1108310222147
"692","Salem Ferry Landing",2165,42.5218426618008,-70.8807708482578
"693","Salem MBTA - Lower Level",971,42.5240005793,-70.8968727815
"694","Salem MBTA - Washington at Federal St",6172,42.5233061217751,-70.8960931443563
"695","Salem State University - Bike Path at Loring Ave",5285,42.5019554885567,-70.8949642668192
"696","Salem State University - North Campus",1390,42.50333171115,-70.89142207545
"697","Salem Willows Park",3573,42.5347238303332,-70.870208263458
"698","Savin Hill MBTA Station",491,42.310599,-71.053927
"699","Savin Hill T Stop - S Sydney St at Bay St",12556,42.310557543304,-71.0537966592784
"700","Seaport Blvd at Sleeper St",136244,42.353133687134,-71.0481284287038
"701","Seaport Hotel",12604,42.348833,-71.041747
"702","Seaport Hotel - Congress St at Seaport Ln",56169,42.3488417387557,-71.0423498811584
"703","Seaport Square - Seaport Blvd at Northern Ave",105547,42.3513490755977,-71.0443129395858
"704","Seaport Square - Seaport Blvd. at Boston Wharf",14123,42.351205,-71.043983
"705","Sennott Park  Broadway at Norfolk Street",7583,42.368605242482,-71.0993018560566
"706","Sennott Park Broadway at Norfolk Street",102041,42.36857372598,-71.09929924993
"707","Shawmut Ave at E Berkeley St",2567,42.3448340294612,-71.0668956131592
"708","Shawmut Ave at Herald St",4322,42.3466948210671,-71.0660171613074
"709","Shawmut Ave at Lenox St",7001,42.3359016209962,-71.0803542482122
"710","Shawmut Ave at Oak St W",36349,42.34838733204,-71.065691532869
"711","Shawmut Ave. at Herald St.",1,42.346647,-71.066049
"712","Shawmut T Stop",6731,42.2930027867505,-71.0657044892671
"713","Shetland Park - Congress at Peabody St",2617,42.5183850517449,-70.8894895542174
"714","Sidney Research Campus/ Erie Street at Waverly",26718,42.357753094652,-71.1039340496063
"715","Sidney Research Campus/Erie Street at Waverly",60218,42.3577149732425,-71.1038520656656
"716","Silber Way",102249,42.3496081222374,-71.1005076161118
"717","Smith Pl at Wilson Rd",7078,42.3922547684221,-71.1504167819045
"718","Smith St at Parker St",2453,42.3328861718131,-71.0967581070327
"719","Soldiers Field Park - 111 Western Ave",86710,42.3643374430132,-71.1182646721339
"720","Somerville City Hall",44038,42.3868598729153,-71.0981738888845
"721","Somerville City Hall Annex",12190,42.3916382795335,-71.0977872020631
"722","Somerville High School & Central Library",10761,42.3861889279895,-71.0959682891453
"723","Somerville Hospital",21304,42.390455507888,-71.1085231578661
"724","Somerville Hospital at Highland Ave / Crocker St",3729,42.39082,-71.10942
"725","South Boston Library - 646 E Broadway",81218,42.3357088771392,-71.0388064824998
"726","South Boston Library - 646 East Broadway",8323,42.335741,-71.03877
"727","South End Library - Tremont St at W Newton St",80978,42.3413383480068,-71.0767980087486
"728","South Station - 700 Atlantic Ave",241332,42.3521503050029,-71.0557723198729
"729","South Station - 700 Atlantic Ave.",61074,42.352175,-71.055547
"730","Spaulding Rehabilitation Hospital - Charlestown Navy Yard",70549,42.3783093954974,-71.0486296577908
"731","Spring St at Powell St",2318,42.2775107083521,-71.1633961791097
"732","St Alphonsus St at Horadan Way",1480,42.3350743717813,-71.0998400889167
"733","St Mary's",70342,42.3462572946752,-71.1069931001562
"734","St. Alphonsus St at Tremont St",47102,42.3332885024477,-71.1012902267369
"735","Stadium Rd at Western Ave",6180,42.3631411070982,-71.1250752384039
"736","Staniford St at Merrimac St",14617,42.3636078076702,-71.0636901068437
"737","Staniford at Merrimac",264,42.3636063748857,-71.0636713453429
"738","State Street at Channel Center",67182,42.3442438506479,-71.0526574606017
"739","Steve Miller Dr at Winthrop St (Medford High)",960,42.4280824297273,-71.1263771490909
"740","Stony Brook T Stop",44812,42.3169834616524,-71.104237457619
"741","Stuart St at Berkeley St",64064,42.3495629061068,-71.0725045273054
"742","Stuart St at Charles St",76395,42.3509330642758,-71.0663243697355
"743","Stuart St at Church St",5441,42.3505015404044,-71.0682229959933
"744","Stuart St. at Charles St.",15216,42.351146,-71.066289
"745","Sullivan Square",21307,42.3842831606691,-71.0751288646321
"746","Summer St at Cutter St",1565,42.394002,-71.120406
"747","Summer St at Quincy St",543,42.3836133100163,-71.0998665591685
"748","Sumner St at Shirley Ave",2198,42.4083562018696,-70.9980679112385
"749","Surface Rd at India St",85251,42.3581758645339,-71.0522370618094
"750","Surface Rd at State Street",7998,42.3597085805048,-71.052612478579
"751","Surface Rd at Summer St",63960,42.3528378429438,-71.0568158906346
"752","Swan Pl. at Minuteman Bikeway",1,42.414705,-71.152377
"753","Swan Place at Minuteman Bikeway",4651,42.4146696148413,-71.1523353516455
"754","Swan St. Park",3636,42.4124910382448,-71.0584074091884
"755","Sydney St at Carson St",13740,42.320113502272,-71.0534245627322
"756","TD Garden - Causeway at Portal Park #1",24769,42.365942,-71.060515
"757","TD Garden - Causeway at Portal Park #2",20917,42.366222,-71.059914
"758","TD Garden - West End Park",17590,42.3659061669535,-71.0645017464414
"759","Talbot Ave At Blue Hill Ave",3608,42.2945514738225,-71.0870161448293
"760","Talbot Ave At Blue Hill Ave (former)",12,42.2945833,-71.087111
"761","Talbot Ave T Station",1006,42.2921953986761,-71.0779770338287
"762","Tappan St at Brookline Hills MBTA",15074,42.33147047961,-71.127155039192
"763","Teele Square",23025,42.4008949178939,-71.1258995829152
"764","Teele Square at 239 Holland St",9064,42.402763,-71.126908
"765","Test 000e3",23,0,0
"766","The Dimock Center",6954,42.3193501281023,-71.0964055085067
"767","The Eddy - New St at Sumner St",11090,42.370806966779,-71.0442825884457
"768","The Eddy at New Street",32,42.370784546005,-71.0442616045475
"769","The Esplanade - Beacon St. at Arlington St.",27210,42.355596,-71.07278
"770","The Lawn on D",56972,42.3447741424214,-71.0441645481916
"771","The Overlook at St. Gabriel's",17027,42.3469809867434,-71.1454840822912
"772","Thetford Ave at Norfolk St",1968,42.2862417052078,-71.0794162663822
"773","Thetford Ave at Norfolk St (former)",27,42.286251,-71.079463
"774","Third at Binney",101991,42.3653498872874,-71.0827781081522
"775","Thorndike Field at Minuteman Bikeway",11755,42.4001575925297,-71.1445055209611
"776","Tremont St / W Newton St",16295,42.341332,-71.076847
"777","Tremont St / West St",23807,42.354979,-71.063348
"778","Tremont St at Court St",14668,42.3590545332514,-71.0599453033352
"779","Tremont St at E Berkeley St",103524,42.3454168408865,-71.0695975453143
"780","Tremont St at Hamilton Pl",87412,42.3567433512939,-71.0616522751072
"781","Tremont St at Hamilton Place",959,42.3566833496993,-71.0616664588451
"782","Tremont St at Northampton St",62213,42.338558238732,-71.0816100408217
"783","Tremont St at Northampton St (former)",306,42.3388497069081,-71.0814061389283
"784","Tremont St at W. Dedham St",54035,42.3425186913193,-71.0742047438306
"785","Tremont St at West St",110848,42.3549831733252,-71.0634942963204
"786","Tremont St. at Berkeley St.",18176,42.345392,-71.069616
"787","Tremont St. at Court St.",116,42.359058001625,-71.0598070113438
"788","Troy Boston",40411,42.3438327038999,-71.0622070650238
"789","Trum Field @ Cedar St (Temp Winter Station)",830,42.3982789276458,-71.1075279015
"790","Truman Parkway at Fairmount Ave",199,42.2522848900625,-71.11839092425
"791","Tufts Sq - Main St at Medford St",5365,42.4016852659853,-71.1060103168117
"792","UMass Boston Integrated Sciences Complex",1681,42.3142053,-71.04089055
"793","Union Square - Brighton Ave at Cambridge St",82185,42.3534264022696,-71.1371376161066
"794","Union Square - Brighton Ave. at Cambridge St.",7694,42.353334,-71.137313
"795","Union Square - Somerville",110473,42.3796059752718,-71.0951587275276
"796","Union Square East",26411,42.3800656173501,-71.0900976453443
"797","Union Square East (Temp Winter Station)",185,42.380078,-71.090098
"798","Union Square Station",15420,42.3773303936167,-71.0944802261257
"799","Union St at Herrick Rd",852,42.3296099537671,-71.193660897863
"800","Union St at Herrick Rd – Newton Centre Green Line",562,42.3295686818562,-71.1936727166176
"801","University Park",157376,42.3627600869229,-71.1000352677849
"802","University of Massachusetts Boston - Campus Center",13331,42.3123006108012,-71.0366599242066
"803","University of Massachusetts Boston - Integrated Sciences Complex",2113,42.314389,-71.0410652
"804","Upham's Corner",2133,42.3173232298508,-71.0651278756199
"805","Upham's Corner - Columbia Rd",478,42.3175685800356,-71.064037085016
"806","Upham's Corner - Ramsey St at Dudley St",990,42.317225,-71.065421
"807","Upham's Corner T Stop",140,42.3188438236011,-71.0697573423386
"808","Upham's Corner T Stop - Magnolia St at Dudley St",1217,42.3186973417224,-71.0697814822197
"809","Upham's Corner TEMPORARY WINTER LOCATION",334,42.3175089194304,-71.064166259066
"810","Uphams Corner",7488,42.317342816763,-71.0653792576855
"811","Uphams Corner T Stop - Magnolia St at Dudley St",5686,42.31874627872,-71.0697900114051
"812","Valenti Way at Haverhill St",69900,42.3646785329416,-71.0592629812657
"813","Vassal Lane at Tobin VLUS",757,42.3842236842742,-71.1403356135806
"814","Vassal Lane at Tobin/VLUS",10040,42.3853139849241,-71.1377525905282
"815","Vassal Lane at Tobin/VLUS (former)",40,42.3839282245646,-71.1396235041775
"816","Verizon Innovation Hub 10 Ware Street",76295,42.3724351087516,-71.1129856439129
"817","Vinnin Square",287,42.4862812016743,-70.901631334027
"818","W Broadway at D St",102533,42.3390608472246,-71.0514426245731
"819","W Broadway at Dorchester St",81260,42.3360241229518,-71.0463080316906
"820","Walbridge St at Commonwealth Ave",3991,42.3477078455866,-71.1357499938252
"821","Walk Hill St at American Legion",116,42.2880256411667,-71.1073313085
"822","Walnut Ave at Crawford St",179,42.316873,-71.091955
"823","Walnut Ave at School St",7224,42.3121659721472,-71.0963436349872
"824","Walnut Ave at Warren St",9443,42.3240497787723,-71.083282013082
"825","Warehouse Pillar Manager",1,42.3864549961011,-71.0754196427297
"826","Warren Ave at Dartmouth St",3812,42.3443020841392,-71.0741566665644
"827","Warren St at Chelsea St",119006,42.3718361534087,-71.0604399581173
"828","Wasgatt Playground",570,42.4093300667225,-71.0638187829318
"829","Wasgott Playground",845,42.4093300667225,-71.0638187829318
"830","Washington Sq",20368,42.3398401396696,-71.1340594973407
"831","Washington Square at Washington St. / Beacon St.",9045,42.3389077202322,-71.1365367281133
"832","Washington Square at Washington St. / Beacon St. TEMPORARY WINTER LOCATION",502,42.3382542707695,-71.1390548201234
"833","Washington St @ New Washington St (Temp Winter Station)",2614,42.3809675728458,-71.0872570996275
"834","Washington St at Bowdoin St",1896,42.2990993955912,-71.0733973738333
"835","Washington St at Bradlee St",653,42.2985088484235,-71.0731355128706
"836","Washington St at Brock St",21954,42.3490245710694,-71.1602430070701
"837","Washington St at Corey Rd",1895,42.3423028422466,-71.1401207805568
"838","Washington St at Crafts St",2016,42.3539537558584,-71.1993487741383
"839","Washington St at Denton Terr",3306,42.2807542104583,-71.1342111736441
"840","Washington St at Egremont Rd",29311,42.3429452541607,-71.1411947673314
"841","Washington St at Egremont Rd (former)",253,42.3429444,-71.1413333
"842","Washington St at Fuller St",1441,42.2820087263607,-71.0714897500019
"843","Washington St at Griggs Rd",8773,42.3389438508246,-71.1319902657051
"844","Washington St at Lenox St",50412,42.3350756253582,-71.079079288368
"845","Washington St at Melnea Cass Blvd",30309,42.3329198701788,-71.0813533407012
"846","Washington St at Mina Way",326,42.3529297830488,-71.1731120080244
"847","Washington St at Myrtle St",27904,42.3817373639898,-71.0837122616432
"848","Washington St at Myrtle St (former)",242,42.3817211578251,-71.0837665015242
"849","Washington St at Northampton St",7884,42.3362278616658,-71.0775834357143
"850","Washington St at Peters Park",37638,42.3429251439293,-71.0669839965011
"851","Washington St at Rutland St",145320,42.3384639527115,-71.0740201093093
"852","Washington St at Talbot Ave",4105,42.2903320289239,-71.0718008321315
"853","Washington St at Talbot Ave (former)",43,42.290333,-71.071806
"854","Washington St at Temple Pl",22695,42.3551018969624,-71.0610756058924
"855","Washington St at W Dedham St",2403,42.3403654995829,-71.0716352481128
"856","Washington St at Walnut St",2687,42.3515067804623,-71.2075668188535
"857","Washington St at Walsh Playground",1311,42.2772502738941,-71.0696112707359
"858","Washington St at Waltham St",86000,42.3415680797296,-71.0688840091968
"859","Washington St. at Lenox St.",5578,42.3348756,-71.0790969
"860","Washington St. at Rutland St.",18201,42.3385578964189,-71.0741006862316
"861","Washington St. at Waltham St.",17077,42.341522,-71.068922
"862","Watermark Seaport",1070,42.3515431047232,-71.0457301139832
"863","Watermark Seaport - Boston Wharf Rd at Seaport Blvd",101478,42.3516113143091,-71.0458401336664
"864","Watertown City Hall",2118,42.3675647038072,-71.1874889207283
"865","Watertown Sq",9496,42.3652348370731,-71.1857682749991
"866","Watertown St at 5th Ave",1110,42.3628827425,-71.1912946689444
"867","Watertown St at Albemarle Rd",1146,42.3541335882581,-71.2138220626411
"868","Watertown Town Hall",1500,42.3676154152646,-71.1878516729439
"869","Wellington MBTA",6084,42.4023883399294,-71.0757407399084
"870","Wentworth Institute of Technology",5276,42.337596,-71.096391
"871","Wentworth Institute of Technology - Huntington Ave at Vancouver St",52535,42.3375516780653,-71.0963659631791
"872","West Broadway at D Street",5571,42.3391085,-71.0514432
"873","West Broadway at Dorchester St",9553,42.335693,-71.045859
"874","West End Park",25162,42.3658851095859,-71.064884201132
"875","West Medford Square (Bower St at Harvard Ave)",3686,42.4206465675534,-71.1334516481602
"876","West Newton",1858,42.3495951694782,-71.2263704640378
"877","West Newton Armory",114,42.3494717809865,-71.2200067891172
"878","Western Ave at Everett St",6583,42.3631665913166,-71.1347536586606
"879","Western Ave at Leo Birmingham Pkwy",5906,42.3615805371457,-71.1450349275098
"880","Western Ave at Richardson St",15347,42.3618318366141,-71.1436800893039
"881","Whittier St Health Center",8381,42.3328231858398,-71.0922100598048
"882","Williams St at Washington St",25293,42.3066054574411,-71.1077128943126
"883","Wilson Square",47816,42.3856111819793,-71.1139627723085
"884","Winthrop Circle",547,42.4213371641667,-71.1175399714444
"885","Wood Island T Stop - Vienna St at Bennington St",1079,42.3801199374186,-71.0243130256744
"886","Yawkey Way at Boylston St.",32759,42.3446909042324,-71.0977180890618
"887",NA,3203984,42.3600947867299,-71.092701421801
